2;-0.07218970;0.15765220;0.02601598;-0.06467799;-0.11021003;-0.04741763;-0.00849291;-0.08517671;0.16525201;-0.00082001;0.20101559;-0.09400111;-0.24095154;-0.03855806;-0.07132298;0.10502808;-0.17318565;-0.11375117;-0.05401190;-0.04312823;0.03677056;0.00792625;0.02233679;0.02388875;-0.07130115;-0.38739344;-0.06045648;-0.14430596;0.10500262;-0.10615907;-0.03792205;0.00633568;-0.18873265;-0.10890798;0.02811915;0.05623696;-0.09261026;-0.00130402;0.22034882;0.07587386;-0.12262172;-0.03963809;0.03890217;0.30083984;0.17216615;0.14297481;0.07210793;-0.09329435;0.07350004;-0.28470832;0.07368740;0.15494739;0.07855922;0.02144166;0.13671494;-0.17105022;0.00409932;-0.00890220;-0.20288284;0.09012090;0.08964045;0.04460549;-0.09571951;-0.02546843;0.23589632;0.07040896;-0.03544990;-0.08793147;0.19628814;-0.21947786;-0.04231285;0.06366143;-0.06147837;-0.14037044;-0.29179916;-0.00746331;0.42712849;0.11298259;-0.08042508;0.01216129;-0.03841695;-0.04376347;0.10676890;-0.01744389;-0.16224760;0.05085888;-0.08568246;0.06391341;0.17408964;-0.07551434;-0.00443258;0.16011325;-0.00269528;0.05729719;0.04049984;0.00868398;-0.04706682;-0.00266306;-0.12497745;-0.00188430;0.11845559;-0.10132886;0.01575338;0.11300208;-0.24068761;0.00760470;-0.02510737;-0.10027598;-0.03898026;0.00286872;-0.15214527;-0.06418187;0.20428772;-0.25063267;0.17920262;0.25531295;-0.04646355;0.04545255;0.03738370;-0.02838864;0.03307070;-0.02630394;-0.13736422;-0.08370318;-0.01518057;-0.01603557;-0.04397120;0.00127909
2;-0.10202090;0.07441764;0.05964508;-0.04741321;-0.10581008;-0.02719039;-0.00455664;-0.07145485;0.15496352;-0.00659132;0.18569191;-0.15282950;-0.29059064;-0.03708534;-0.08323452;0.10046227;-0.16953854;-0.08340408;-0.05196968;-0.00770424;0.00533520;0.00343157;0.01971369;0.03580111;-0.08193123;-0.42211494;-0.06340273;-0.13386472;0.07793798;-0.14396836;-0.07912970;0.04039799;-0.16764683;-0.10113815;0.04520211;0.09750387;-0.06104012;-0.01371391;0.22981687;0.05210243;-0.12823088;-0.06438319;0.03556844;0.29199901;0.14916532;0.14399081;0.04251932;-0.09865055;0.07985853;-0.30363259;0.08603346;0.16304561;0.06078961;0.01614730;0.13170201;-0.14668994;-0.00675871;0.00823121;-0.23278145;0.08957654;0.11167548;-0.01436933;-0.10789643;-0.03500545;0.20652068;0.08661398;-0.06068153;-0.10040930;0.18900162;-0.22030583;-0.00593448;0.04598663;-0.03216959;-0.14500234;-0.27562109;0.01889390;0.41990432;0.10816120;-0.11150353;0.01112547;-0.04125508;-0.08358807;0.09727998;0.00945547;-0.13316104;0.04924707;-0.06653421;0.07998829;0.13339373;-0.05815379;0.04229954;0.12536578;-0.00937598;0.01047781;0.06720921;0.03482216;-0.08474325;0.00376782;-0.11503509;0.02117511;0.15785313;-0.10932859;0.04859981;0.08607706;-0.23452699;0.05614495;-0.04009353;-0.16587257;0.01287487;-0.06262839;-0.13381799;-0.03782707;0.21176389;-0.31201205;0.16944779;0.20370980;-0.03681752;0.09143904;-0.00751119;0.02255598;0.03677333;0.00084450;-0.11491285;-0.11812905;-0.00290729;-0.00403602;-0.02293269;-0.02610842
2;-0.08001831;0.09293108;0.02387854;-0.03004703;-0.12783735;-0.00926386;-0.00666699;-0.07281102;0.17690361;-0.03474383;0.19296350;-0.07754017;-0.22429954;-0.05929695;-0.02359162;0.03485081;-0.13781646;-0.16942964;-0.01330424;-0.07958473;0.04391604;-0.00068503;0.03173675;0.05321931;-0.10555863;-0.38895270;-0.03179029;-0.21900684;0.05333075;-0.13329220;-0.06181489;-0.00413352;-0.19777253;-0.10627453;-0.03539367;0.07844342;-0.06675592;-0.04872446;0.23150143;0.00771823;-0.13164055;-0.03135028;0.01800347;0.26355499;0.13254371;0.09561355;0.01077915;0.03075220;0.05665741;-0.24343735;0.08507580;0.17884046;0.11956437;-0.03099344;0.09904022;-0.15160438;-0.04817546;0.00057816;-0.17270927;0.07695457;0.07028184;0.03377458;-0.08641511;-0.05057741;0.25019744;0.13137390;-0.01710544;-0.04516302;0.17860729;-0.19405396;-0.07535698;0.00634177;-0.11223283;-0.15253954;-0.15970324;0.04153353;0.35586563;0.10214628;-0.11372045;0.02520617;-0.04070664;-0.00840364;0.05705660;-0.02383828;-0.12142658;0.08423144;-0.09759676;0.06486024;0.14174886;-0.02625533;-0.00773083;0.16588438;-0.03034554;0.03585071;0.09414815;-0.04694593;-0.02354273;0.02003079;-0.14898807;0.02827297;0.13770729;-0.10510293;-0.00115492;0.08760285;-0.21105683;-0.03239361;-0.03910443;-0.08270343;-0.00597902;0.02292609;-0.15048417;-0.07479078;0.20321889;-0.21292526;0.17332155;0.18889320;-0.02745608;0.10627377;0.04668210;-0.01544095;0.05427694;-0.02029678;-0.21570568;-0.09114812;0.03100241;-0.00474992;-0.02103963;0.04099554
2;-0.11800338;0.03623329;0.06192574;-0.02536811;-0.11939798;-0.01677098;0.02628480;-0.07490057;0.14519940;-0.02905918;0.18358195;-0.11568679;-0.22835235;-0.06452072;-0.03107705;0.05271738;-0.14270186;-0.15789999;0.00700911;-0.06838570;0.03100746;-0.03901534;0.00851524;0.02267789;-0.10482001;-0.41216001;-0.05646104;-0.21622039;0.03773403;-0.11318565;-0.05919563;0.01485869;-0.21281554;-0.10279333;-0.02967887;0.07510923;-0.05713700;0.00006229;0.22271734;-0.01556620;-0.14756507;-0.03613417;0.04651949;0.25995797;0.13320905;0.12913528;-0.00530108;0.02764687;0.04490742;-0.25118017;0.10961043;0.16166693;0.08290343;-0.00506068;0.07986206;-0.13849935;-0.03788041;-0.02842737;-0.18323718;0.08534851;0.09232989;0.01798896;-0.07682349;-0.02422681;0.25536445;0.11930099;-0.01877180;-0.07418457;0.18654278;-0.21523286;-0.03740022;0.00534608;-0.10236752;-0.13889682;-0.19075455;0.04562674;0.36358637;0.07983839;-0.09640322;0.02551720;-0.07153155;-0.03488419;0.08650709;-0.02067971;-0.08514778;0.09852552;-0.07709300;0.06078355;0.15011245;-0.03457814;0.01017703;0.17107706;-0.03505849;0.02281490;0.08443746;-0.02566243;-0.01675591;0.02062015;-0.15155020;0.02092632;0.13320731;-0.09163609;0.01950811;0.10003500;-0.23727527;0.00803823;-0.04595822;-0.06767549;-0.01505481;-0.00210632;-0.13896473;-0.06146661;0.19356249;-0.23493324;0.17930919;0.19473836;-0.02435203;0.08615158;0.03049267;-0.03614128;0.05053147;-0.02421915;-0.22548459;-0.05981594;0.03222760;-0.01476945;-0.02258251;0.05650412
2;-0.10167819;0.04210582;0.05797270;-0.01209067;-0.13002479;0.00004852;-0.00375193;-0.08118434;0.16741718;-0.04532083;0.19526465;-0.08859268;-0.24121836;-0.04612332;-0.03751151;0.04808114;-0.13671230;-0.16282861;-0.01279669;-0.08113024;0.04054219;-0.01122298;0.02252904;0.04046819;-0.09678812;-0.38763401;-0.03884069;-0.22768638;0.05964774;-0.13106464;-0.07363555;-0.00773914;-0.20169267;-0.09084538;-0.04916717;0.09180406;-0.04320432;-0.03001679;0.24498409;-0.03009151;-0.14137635;-0.02446559;0.02535576;0.23809378;0.11435477;0.09880575;-0.00036404;0.00359044;0.06286480;-0.23243357;0.12348921;0.17984512;0.11163292;-0.02517245;0.11551456;-0.16181895;-0.06195084;0.02153263;-0.15575501;0.11415394;0.07822348;0.04220710;-0.06166083;-0.06302626;0.23837911;0.11713681;-0.01105678;-0.06206346;0.18642798;-0.19899769;-0.06713495;0.00480072;-0.10920537;-0.14921039;-0.18772128;0.03761419;0.35192838;0.09120610;-0.14092289;0.03828008;-0.04727304;-0.04232433;0.08493847;-0.01916182;-0.09025379;0.09277345;-0.10251299;0.04898519;0.14955671;-0.02131462;0.02794793;0.18296957;-0.03354158;0.02174447;0.09202434;-0.03204436;-0.03576376;0.01008223;-0.16063648;0.01505474;0.12830561;-0.10338887;0.00633614;0.07612508;-0.21562800;-0.03341959;-0.04593884;-0.06836155;-0.00336159;0.02134415;-0.15667911;-0.07362697;0.23058224;-0.21896511;0.17986955;0.17301738;-0.03062887;0.09989598;0.04764122;0.01414747;0.04143101;-0.01971035;-0.23206241;-0.06796891;0.03192389;-0.01306861;-0.02644129;0.07695292
2;-0.10544372;0.10506935;0.05379967;-0.05300875;-0.13765696;-0.01227440;0.00304757;-0.07764217;0.13320081;-0.05073798;0.14987332;-0.08283496;-0.25581896;-0.05342098;-0.02718134;0.05256425;-0.14046255;-0.17451614;-0.04923870;-0.03826260;0.02777247;0.00525626;0.02352073;0.01426729;-0.07694393;-0.42110449;-0.04695350;-0.15273800;0.04848410;-0.10662030;-0.04247124;0.02128714;-0.22758594;-0.09566686;-0.01522153;0.11353890;-0.06171178;-0.03831581;0.21197815;0.03442398;-0.11303758;-0.04025298;0.01736272;0.27514046;0.16438453;0.09637952;0.04515222;-0.02263048;0.05846399;-0.29173446;0.08124551;0.16772160;0.09239613;0.00767219;0.13011527;-0.15009366;-0.00836638;-0.02035688;-0.17555147;0.06809895;0.05828448;0.02089641;-0.08793555;-0.07051536;0.23885159;0.07958323;-0.01967356;-0.07450277;0.18392463;-0.19404577;-0.05393212;0.03066998;-0.09679069;-0.12319897;-0.22008035;0.03148413;0.37462103;0.11847509;-0.10272926;0.02058569;-0.06864887;-0.04571473;0.05453610;-0.02556393;-0.09770456;0.05618389;-0.08395627;0.11246884;0.17004661;-0.05459873;-0.01097336;0.14670928;-0.01396073;0.02401801;0.05995306;-0.02578354;-0.01964048;0.02037083;-0.14037584;0.03343152;0.13623312;-0.10874546;-0.00566325;0.10143649;-0.22555056;-0.01024671;-0.04956899;-0.10845251;-0.01944816;-0.04986505;-0.17073067;-0.03431546;0.19737349;-0.26344946;0.18878075;0.23116010;-0.07131472;0.08581820;0.02025497;-0.02073973;0.05140930;-0.02542363;-0.18223986;-0.11293393;0.02824788;0.02357636;-0.04465822;0.03002779
2;-0.08112811;0.06552786;0.00439364;-0.04834078;-0.13600785;-0.04273100;0.00189840;-0.07778897;0.19990267;-0.01449744;0.15383618;-0.05693889;-0.23204829;-0.04039671;-0.03743089;0.04084120;-0.14178589;-0.19197245;-0.04205199;-0.07559307;0.03464989;0.01961932;0.00274850;0.06080090;-0.09840964;-0.37879643;-0.05881633;-0.15264902;0.06086055;-0.14013173;-0.00182069;0.03502749;-0.21105716;-0.10181412;0.00278941;0.08063277;-0.05571040;-0.05187722;0.22320510;0.04417215;-0.15212335;-0.03198429;0.02806396;0.28180972;0.13695019;0.10045692;0.01217861;0.00652102;0.04341407;-0.24715619;0.08653103;0.18129219;0.08831921;-0.03597227;0.11085244;-0.14512931;-0.07087229;0.03067994;-0.16599664;0.07849782;0.07365851;0.00319089;-0.10241099;-0.07515638;0.21131679;0.09951150;-0.03687748;-0.06189742;0.17460145;-0.21088383;-0.09041409;0.01544954;-0.08397911;-0.12972683;-0.21345419;0.04295433;0.38990617;0.06828715;-0.09433471;0.03350303;-0.01213292;-0.01275957;0.04280207;-0.01702706;-0.14142871;0.06977921;-0.08008683;0.07778011;0.16669933;0.00893398;-0.01125059;0.15256290;-0.03789914;0.02776715;0.07266043;-0.02517284;-0.00307151;0.00312264;-0.13749792;0.02850788;0.14501572;-0.07869679;0.00590891;0.10208430;-0.18739082;-0.03374146;-0.01520837;-0.09993522;-0.00844155;0.02959030;-0.17431541;-0.08351358;0.19339053;-0.23899955;0.17916350;0.19429903;-0.02599512;0.08009046;0.03390624;-0.02001917;0.05291006;-0.01810039;-0.17613281;-0.09288678;0.03731315;0.00354132;-0.01651590;0.02549991
2;-0.07985490;0.03952374;0.02110770;-0.06043073;-0.10992623;-0.04451586;-0.00656097;-0.07998300;0.17409800;-0.03764059;0.14432003;-0.06915651;-0.23154102;-0.08369546;0.00914614;0.04102895;-0.16814098;-0.15608568;-0.00762341;-0.08458409;0.02385294;0.03071062;0.01320367;0.04600869;-0.09237015;-0.39551598;-0.07255252;-0.18393122;0.05672222;-0.10943535;-0.01913516;0.03166572;-0.18550025;-0.11082663;0.02355704;0.08822361;-0.01699749;-0.03412310;0.22571966;0.04801888;-0.12716039;-0.03364784;0.01636321;0.27294531;0.11385392;0.09072689;0.01609518;-0.00391848;0.06710481;-0.23881419;0.08395748;0.16068059;0.08659855;-0.05569676;0.12460057;-0.14389069;-0.05765206;0.01201559;-0.18933927;0.09298478;0.06788084;-0.03679459;-0.09896177;-0.05461698;0.22858380;0.08623526;-0.04108944;-0.07961092;0.15930630;-0.18794964;-0.06061931;0.02734396;-0.08500222;-0.10856475;-0.21102653;0.03679601;0.36156827;0.05173847;-0.12844300;0.03649554;-0.06018667;-0.03165726;0.08463522;0.02326921;-0.07324197;0.06241765;-0.06333794;0.06469774;0.13894157;-0.03051184;0.00593157;0.16004997;-0.04391695;0.05904956;0.06691501;-0.04161258;-0.03175698;-0.00491746;-0.11037967;0.02384437;0.15270494;-0.08403288;0.02129273;0.09502941;-0.21423143;-0.03668140;-0.02506666;-0.12469712;0.01513035;-0.01337835;-0.14169332;-0.08540651;0.19637237;-0.27758458;0.17309104;0.20471188;-0.05837325;0.10672727;-0.00262642;-0.01644230;0.03828274;-0.02710298;-0.17560793;-0.07414117;0.02537742;0.01265493;-0.04002923;-0.00406259
2;-0.08042802;0.06423390;0.00897891;-0.04672617;-0.13381490;-0.03215696;0.00376337;-0.06286025;0.20219997;-0.01914719;0.15232839;-0.05345943;-0.24435249;-0.05415470;0.00682611;0.05651961;-0.15322407;-0.17208447;-0.03852046;-0.05859278;0.01881300;0.02663212;0.02824566;0.05108650;-0.09804599;-0.41741285;-0.05470747;-0.16659506;0.03812936;-0.12723048;-0.01710751;0.03757705;-0.19541498;-0.09888695;0.02030437;0.09739672;-0.03974509;-0.03601839;0.22330466;0.06252743;-0.15687685;-0.03693921;0.01727261;0.27183920;0.12725873;0.10817274;0.03568491;-0.00824429;0.06933665;-0.24005204;0.08834646;0.15910265;0.09787989;-0.05530381;0.12076750;-0.15529092;-0.04704054;0.01131789;-0.16001502;0.07976128;0.07974926;-0.01155552;-0.08257796;-0.04419411;0.23021059;0.07359909;-0.02217417;-0.07148755;0.13959931;-0.19621240;-0.07261550;0.03922224;-0.09629031;-0.12692240;-0.22445470;0.01619325;0.38882604;0.05471798;-0.11320142;0.02011439;-0.04294672;-0.02131473;0.06367569;0.01321246;-0.11737855;0.06704732;-0.10921992;0.06742730;0.18617782;-0.02331833;0.00156438;0.16538435;-0.02892164;0.05988356;0.05314162;-0.05281936;-0.02425665;-0.00042362;-0.10563064;-0.00186003;0.14262240;-0.07214321;0.00601892;0.09227771;-0.23090622;-0.04110048;-0.03412346;-0.09630289;0.00889662;0.01282759;-0.15276447;-0.09374942;0.19267163;-0.24769534;0.15182881;0.21178287;-0.04585728;0.08367126;0.01190750;-0.01765693;0.03027289;-0.00979639;-0.18058062;-0.06301379;0.03212712;0.01252083;-0.01921474;0.00957140
2;-0.06778876;0.06395701;0.03570296;-0.01489923;-0.13483861;-0.02021180;-0.01243920;-0.08188234;0.14990948;-0.01585689;0.16229777;-0.10308383;-0.24601257;-0.06911118;-0.02244429;0.04005012;-0.12501119;-0.18729921;-0.03272003;-0.06409983;0.03669457;0.00766172;0.02022544;0.05369362;-0.10216928;-0.40542439;-0.04158189;-0.19137423;0.03529793;-0.10481949;-0.02352969;0.01289596;-0.19393112;-0.12394731;0.00587083;0.07875305;-0.03036545;-0.05108597;0.20796998;-0.00784856;-0.14383568;-0.01681072;0.06096914;0.26034492;0.09479995;0.11134119;0.02853846;0.01583174;0.03759709;-0.26485598;0.09680254;0.15819311;0.07033292;-0.02795210;0.11686619;-0.15594061;-0.05059663;0.06081855;-0.16935959;0.10717917;0.07278683;0.02210192;-0.10584284;-0.06585178;0.25889367;0.11958072;-0.03113542;-0.07641657;0.13987847;-0.18789263;-0.08989654;0.02107661;-0.09902073;-0.11066529;-0.20769191;0.06194645;0.40186778;0.05907465;-0.12926193;0.02831574;-0.03377399;0.01979799;0.06571387;-0.02836055;-0.10089315;0.05538207;-0.09324023;0.04192144;0.14898056;-0.00098608;-0.00721523;0.15102567;-0.02806253;0.01566086;0.09430294;-0.03011162;-0.02774766;-0.00534717;-0.15256028;0.01265162;0.16031924;-0.07559308;0.00143742;0.08044586;-0.21313480;-0.04824937;-0.04118777;-0.10492519;0.03347136;0.02435659;-0.14892510;-0.07349837;0.20017378;-0.25946480;0.17286864;0.18371211;-0.00579727;0.10261452;0.03529397;-0.01092079;0.04808257;0.00281352;-0.18499470;-0.10122375;0.05321324;-0.00209205;-0.03103106;0.02148786
3;-0.14530130;0.09386927;0.08741049;-0.01501854;-0.00876559;-0.10696751;-0.07298619;-0.10321429;0.16662814;-0.12551874;0.21742423;-0.05619904;-0.18545271;-0.10338491;-0.02768940;0.12003169;-0.17115891;-0.12838796;-0.06319689;-0.07491819;0.05733663;-0.06010091;0.06054564;0.06350456;-0.17975610;-0.36973333;-0.11935813;-0.08201620;0.06629552;-0.10524788;-0.06311338;0.02021205;-0.18238916;-0.04301127;-0.02686229;0.04550459;0.03453354;-0.00874526;0.18140678;-0.05144819;-0.12878257;-0.07692585;-0.00719394;0.22040842;0.20089026;0.12562788;0.00804263;-0.06059453;0.08348954;-0.18552604;0.06073767;0.09325893;0.06521372;0.00184130;0.11955859;-0.15148392;0.03064772;0.05733518;-0.16168542;0.04119972;0.00903336;-0.13473156;-0.02800240;-0.00657960;0.25872460;0.07923961;-0.07715939;-0.09657924;0.22482263;-0.14523911;0.03717545;0.03347480;-0.05143544;-0.14462686;-0.34090677;-0.00405099;0.42827559;0.17504536;-0.18086198;0.07062545;-0.06766421;-0.02433820;0.11832288;0.03126744;-0.18072763;0.01904261;-0.16609478;0.03924519;0.14542693;0.04952462;-0.07277483;0.13422024;-0.03701415;0.08832311;0.06687275;-0.03232196;-0.15339813;-0.00694690;-0.10463723;-0.00146962;0.09157819;-0.01401613;-0.00071623;0.13180047;-0.08475154;0.08048531;-0.01339949;-0.03195101;-0.04808512;0.09684722;-0.16925094;-0.08483821;0.08712082;-0.25506067;0.13020244;0.15533227;0.03152420;0.16332994;0.08387989;0.07147853;-0.01496308;0.02841650;-0.13430369;-0.04470219;0.07511438;-0.06512015;0.17444645;0.05368259
3;-0.12513705;0.10199291;0.07216107;-0.02088217;-0.02260192;-0.08025015;-0.03177153;-0.10370212;0.20205908;-0.12734462;0.22599816;-0.03582740;-0.22142082;-0.13053121;-0.01626278;0.11318909;-0.19835179;-0.11019108;-0.04277701;-0.04938078;0.01985401;-0.07219221;0.11380658;0.07430282;-0.18561667;-0.42546850;-0.09189494;-0.13367845;0.05307585;-0.09119407;-0.05863141;0.06126925;-0.17000753;-0.05386783;-0.03203934;0.06545110;0.03201133;0.00921074;0.22417158;-0.04894075;-0.14006640;-0.05421191;-0.00553156;0.24452476;0.21803063;0.06239999;0.05717450;-0.07049900;0.09973864;-0.18756501;0.03302130;0.07250598;0.08576278;-0.02316105;0.12181763;-0.13155706;0.00634351;0.04390233;-0.16346544;0.05031656;0.03320253;-0.11280966;-0.04505112;-0.00418534;0.26044828;0.05276741;-0.09466843;-0.09178379;0.18875366;-0.18658789;0.04107017;0.06793815;-0.07219651;-0.15170515;-0.33449209;0.00873433;0.41700241;0.19730774;-0.16010395;0.04685687;-0.06925495;-0.04336418;0.09417921;0.08728423;-0.16849804;0.04130659;-0.13776128;0.07751679;0.13574943;0.04562999;-0.06441832;0.15708491;-0.01952946;0.10920180;0.04129346;-0.05444630;-0.15108985;-0.00186208;-0.12991326;0.01883527;0.07628769;-0.02347618;0.02742412;0.11325178;-0.11653257;0.06160179;-0.05564243;-0.05737909;-0.01274176;0.07903688;-0.14558120;-0.07472196;0.11158103;-0.26524812;0.10952289;0.17167856;0.03887381;0.14424284;0.07095692;0.03967705;-0.01018593;0.04404138;-0.13486592;-0.01872374;0.07339819;-0.09134055;0.18599807;-0.00267381
3;-0.11940100;0.11397928;0.02620372;-0.06274047;-0.00776253;-0.09467490;-0.04781925;-0.11030516;0.19813244;-0.14333826;0.23093194;-0.05639703;-0.17768574;-0.13446142;-0.02785862;0.11780332;-0.19596955;-0.10308250;-0.06367412;-0.06779751;0.03660959;-0.06594063;0.08778360;0.06827777;-0.17635617;-0.37427127;-0.11966731;-0.08771632;0.06505081;-0.10715117;-0.03949423;0.04507209;-0.19869661;-0.08337264;-0.03945298;0.04400684;0.02438109;0.00155728;0.20184314;-0.04238734;-0.12172049;-0.03814320;0.00761627;0.24706444;0.22179054;0.08791737;0.01072454;-0.08381227;0.09317520;-0.20177224;0.05715816;0.07549853;0.06291439;-0.01867565;0.10894793;-0.12691459;0.03543385;0.07874548;-0.18105747;0.04469950;0.01837336;-0.09604776;-0.03583357;0.01693461;0.23853008;0.08904194;-0.08102632;-0.09249485;0.20967156;-0.16986488;0.06146160;0.04858720;-0.04367305;-0.16536252;-0.34830889;0.00698340;0.42576802;0.19363463;-0.15905195;0.05525826;-0.06756271;-0.04324061;0.12771282;0.05109165;-0.18798958;-0.00729937;-0.14436378;0.06426749;0.13761424;0.05810793;-0.07870126;0.17604414;-0.01716601;0.07623377;0.06424011;-0.01219135;-0.16360883;-0.00648096;-0.12073531;0.01297771;0.09391791;-0.05393189;-0.00463363;0.16277751;-0.11378232;0.08733913;-0.03480103;-0.04820210;-0.01713647;0.09059422;-0.12221069;-0.09938008;0.09243342;-0.23918013;0.09557383;0.16882542;0.00967288;0.16466694;0.08610889;0.07530826;-0.00637719;0.03552049;-0.13950521;-0.02716074;0.04773394;-0.06455614;0.17435457;0.02770150
3;-0.18732381;0.10190365;0.06774196;-0.03791215;-0.04882688;-0.09375955;-0.03609385;-0.08624102;0.19993001;-0.12980981;0.21124485;-0.03796347;-0.18427998;-0.12297391;-0.04273033;0.13031346;-0.17857581;-0.10285164;-0.05375087;-0.05834356;0.06572947;-0.03707596;0.05314936;0.05400507;-0.12578632;-0.44174051;-0.11717355;-0.09259260;0.03730538;-0.06194243;-0.03572020;0.03590701;-0.21695095;-0.08062725;-0.04339189;0.05786651;0.01223048;0.00293948;0.18249463;-0.01738526;-0.13019206;-0.03526948;-0.01093130;0.25517631;0.15854479;0.09290075;0.05381460;-0.07663697;0.10647596;-0.16131461;0.02357626;0.11076140;0.11174728;-0.04381558;0.07127191;-0.10663327;0.01436760;0.08405654;-0.24761972;0.07303113;0.04135711;-0.13478674;-0.06443316;-0.02380122;0.24631503;0.11239669;-0.06251306;-0.13527377;0.27028027;-0.16062573;0.06416722;0.00489072;-0.07288993;-0.20853084;-0.27852640;0.04872831;0.42096016;0.18430476;-0.13918537;0.05837915;-0.10560989;-0.05767090;0.08118105;0.07749382;-0.13543528;0.01690671;-0.12940055;0.07360046;0.15639314;0.01931698;-0.03554920;0.17819196;0.00591470;0.05396554;0.01973086;-0.08897616;-0.16753551;0.04447448;-0.12852785;0.02670565;0.02245099;-0.05464651;0.02615258;0.08648971;-0.09127678;0.07925653;-0.03341053;-0.06583735;-0.06220648;0.04678095;-0.15540357;-0.11264820;0.09584360;-0.20402692;0.15641665;0.16351140;0.06278002;0.21115902;0.08225681;0.08091539;0.04413083;0.00789807;-0.15944435;-0.02325275;0.09259273;-0.06921241;0.14672612;0.03005880
3;-0.14112625;0.07961932;0.01692989;-0.04695738;-0.05597228;-0.04925460;-0.04270539;-0.09838802;0.19556570;-0.13575709;0.20606972;-0.03084002;-0.19589625;-0.12670410;-0.02974363;0.09878714;-0.16397692;-0.10316677;-0.05503267;-0.04828650;0.08234058;-0.03711647;0.07023002;0.08464085;-0.18150634;-0.42621225;-0.11339210;-0.09839462;0.02509481;-0.07133832;-0.03558587;0.03017006;-0.23927523;-0.07498205;-0.05060152;0.04864368;0.04027156;0.02427281;0.15553476;-0.00503686;-0.14231600;-0.03886929;-0.00552685;0.22866660;0.17063375;0.09845757;0.06740304;-0.08504051;0.09605573;-0.17946449;0.06687653;0.08093069;0.10135078;-0.05978695;0.10050779;-0.11246078;0.00386158;0.14295071;-0.20965290;0.07419389;0.03344972;-0.07974762;-0.05451594;-0.02709945;0.25559559;0.09009555;-0.08659480;-0.13413863;0.19770032;-0.16877069;0.03131198;0.05097767;-0.06108581;-0.19604972;-0.34962448;0.05862889;0.45869878;0.20024265;-0.16300704;0.05463703;-0.09424119;-0.03376596;0.11796664;0.07238226;-0.12650488;0.00933129;-0.13782591;0.06314819;0.13946535;0.06169358;-0.05164351;0.17115350;-0.01230417;0.06223062;0.01880579;-0.03910842;-0.19950841;0.02354023;-0.09670591;0.00849754;0.01789125;0.00202491;0.00878871;0.11943618;-0.10467602;0.09945817;-0.07195298;-0.07966932;-0.04166942;0.03778759;-0.12981865;-0.09351540;0.06730636;-0.26806328;0.08630902;0.13880773;0.03728082;0.20019846;0.07021631;0.07348269;0.01480513;0.04076999;-0.19622344;-0.02078601;0.10673937;-0.11207740;0.16511321;-0.00792267
3;-0.15737452;0.04910001;0.06313228;-0.00501059;-0.01899434;-0.09444567;-0.04333855;-0.12040549;0.13626605;-0.12787782;0.22427459;-0.04640286;-0.19820140;-0.15540215;-0.02358040;0.11553161;-0.14770794;-0.11119001;-0.05050569;-0.03809484;0.00742673;-0.09676532;0.11396563;0.05537065;-0.15436094;-0.41913623;-0.14800501;-0.08909328;0.03410483;-0.08383078;-0.03272368;0.03316286;-0.17553435;-0.03121467;-0.05083486;0.07809505;0.02603695;0.00271026;0.18053779;-0.04289278;-0.15142731;-0.07415155;0.03031146;0.23499732;0.21114199;0.09690175;0.04876194;-0.03753861;0.06431007;-0.18780276;0.03632532;0.06757977;0.07809363;-0.04155133;0.11278980;-0.09125265;0.01843953;0.06688742;-0.14832428;0.06713866;0.01856785;-0.09647644;-0.03461517;0.00875412;0.27356118;0.09772532;-0.10310499;-0.11996208;0.20555203;-0.21382803;0.03409095;0.04900969;-0.06312165;-0.16240579;-0.35182363;0.01794281;0.42424360;0.15973312;-0.12737446;0.05419404;-0.08122936;-0.05251136;0.07691931;0.08332745;-0.15809576;0.01851350;-0.17515123;0.01431901;0.17100304;0.03532159;-0.04098470;0.15430456;-0.03854731;0.07268740;0.03705571;-0.02407523;-0.16028610;0.01347390;-0.09482905;0.00600468;0.07335384;-0.06846601;0.02884607;0.11489166;-0.10058489;0.06515461;-0.06289276;-0.03533977;0.01263921;0.09372307;-0.16282110;-0.11359103;0.08945669;-0.25310731;0.10402962;0.18030681;0.03829527;0.12598664;0.10929331;0.10290607;-0.00611930;0.06882422;-0.11616541;-0.02340178;0.02140638;-0.09867071;0.13382357;0.02804115
3;-0.15918195;0.06721361;0.08318121;-0.01660279;-0.03293060;-0.10004915;-0.04502854;-0.11716411;0.15952583;-0.13731112;0.21153739;-0.04844276;-0.21189070;-0.13266894;-0.02705970;0.10292943;-0.16602117;-0.12584318;-0.00852635;-0.04923885;0.02122682;-0.09926114;0.09728247;0.08066360;-0.20189638;-0.41202626;-0.14803597;-0.11071196;0.02400217;-0.09910072;-0.05644504;0.04119592;-0.15401970;-0.02255683;-0.04569604;0.03892898;0.04358459;0.01488709;0.21047845;-0.06641458;-0.16687089;-0.04308405;0.02266117;0.24704911;0.19814825;0.08028019;0.03232541;-0.04946140;0.09424314;-0.16632308;0.05923818;0.10840683;0.09375325;-0.04255882;0.10310513;-0.09761235;0.01789074;0.04284177;-0.19112577;0.07175747;0.04695468;-0.11374512;-0.03515934;0.00720258;0.24047634;0.08769231;-0.11469184;-0.12063249;0.19362922;-0.21684581;0.05773831;0.05190858;-0.08361954;-0.18497856;-0.32953516;0.02898025;0.39551115;0.18552807;-0.15046315;0.07126012;-0.08125488;-0.04245111;0.09626294;0.08407598;-0.15542641;0.00802081;-0.14992572;0.04381388;0.14066358;0.03899395;-0.05607916;0.15316695;-0.01468733;0.07589965;0.04728640;-0.00792368;-0.16930866;0.00688716;-0.09410551;0.06081611;0.05516646;-0.05380935;0.01698335;0.10440102;-0.10694052;0.08957882;-0.04365420;-0.05201641;-0.02943078;0.10003762;-0.17558374;-0.11232240;0.08210767;-0.28450871;0.12626742;0.16143472;0.03881834;0.14685100;0.07978150;0.07149595;-0.00156465;0.04828718;-0.09865068;-0.03321366;0.06254666;-0.11669183;0.16977693;0.01714682
